========== Fx 通道 ==========,,,,,,,,
重复性误差,,,,,,,,
循环类型,Fx设定值,上升沿平均值,上升沿标准差,上升沿数值列表,下降沿平均值,下降沿标准差,下降沿数值列表,|正行程平均值-反行程平均值|
正值循环,0.0,-1.6284,2.7224,"[0.0000, -4.7712, -0.1139]",-2.7917,2.4059,"[-4.7712, -0.1139, -3.4901]",1.1633
正值循环,200.0,-304.0003,0.8772,"[-303.1350, -304.8890, -303.9770]",-324.4703,2.2486,"[-322.0400, -324.8940, -326.4770]",20.4700
正值循环,400.0,-598.4170,2.1451,"[-595.9990, -600.0910, -599.1610]",-624.9440,0.5765,"[-624.2970, -625.1320, -625.4030]",26.5270
正值循环,600.0,-883.6477,2.3478,"[-881.1550, -885.8170, -883.9710]",-912.8633,2.2804,"[-910.9530, -912.2490, -915.3880]",29.2157
正值循环,800.0,-1164.3533,3.3623,"[-1160.5700, -1167.0000, -1165.4900]",-1191.8600,3.6661,"[-1187.9500, -1192.4100, -1195.2200]",27.5067
正值循环,1000.0,-1448.6067,2.2701,"[-1445.9900, -1450.0500, -1449.7800]",-1448.6067,2.2701,"[-1445.9900, -1450.0500, -1449.7800]",0.0000
负值循环,-1000.0,1781.3600,2.7886,"[1778.8300, 1784.3500, 1780.9000]",1781.3600,2.7886,"[1778.8300, 1784.3500, 1780.9000]",0.0000
负值循环,-800.0,1420.9467,0.4535,"[1420.7000, 1420.6700, 1421.4700]",1396.2533,0.8429,"[1395.9300, 1395.6200, 1397.2100]",24.6933
负值循环,-600.0,1049.2400,1.4174,"[1048.0100, 1048.9200, 1050.7900]",1022.8533,1.5308,"[1022.2700, 1021.7000, 1024.5900]",26.3867
负值循环,-400.0,701.4877,0.5045,"[701.1650, 701.2290, 702.0690]",682.2357,1.3865,"[681.3960, 681.4750, 683.8360]",19.2520
负值循环,-200.0,370.7543,0.9289,"[369.9520, 370.5390, 371.7720]",345.5750,1.2012,"[344.8940, 344.8690, 346.9620]",25.1793
负值循环,0.0,2.6533,2.5338,"[0.0000, 2.9120, 5.0478]",6.0546,3.7488,"[2.9120, 5.0478, 10.2039]",3.4013
正循环标准偏差,2.4105,,,,,,,
负循环标准偏差,1.9531,,,,,,,
记录量,0.004821,,,,,,,
Last记录量,0.00000964,,,,,,,
第三记录量,0.029216,,,,,,,
,,,,,,,,
线性度数据,,,,,,,,
平均电压值,标准压力值,Y=ax+b,标准压力值-最小二乘法,数值列表
1781.3600,-1000.0,-1058.2761,58.2761,"[1778.8300, 1784.3500, 1780.9000]"
358.1647,-200.0,-181.3169,-18.6831,"[344.8940, 369.9520, 344.8690, 370.5390, 346.9620, 371.7720]"
691.8617,-400.0,-386.9378,-13.0622,"[681.3960, 701.1650, 681.4750, 701.2290, 683.8360, 702.0690]"
1036.0467,-600.0,-599.0213,-0.9787,"[1022.2700, 1048.0100, 1021.7000, 1048.9200, 1024.5900, 1050.7900]"
1408.6000,-800.0,-828.5850,28.5850,"[1395.9300, 1420.7000, 1395.6200, 1420.6700, 1397.2100, 1421.4700]"
-2.0938,0(正),40.6709,-40.6709,"[0.0000, -4.7712, -0.1139, -3.4901]"
4.5409,0(负),36.5826,-36.5826,"[0.0000, 2.9120, 5.0478, 10.2039]"
-1448.6067,1000.0,931.9982,68.0018,"[-1445.9900, -1450.0500, -1449.7800]"
-314.2353,200.0,233.0095,-33.0095,"[-303.1350, -322.0400, -304.8890, -324.8940, -303.9770, -326.4770]"
-611.6805,400.0,416.2923,-16.2923,"[-595.9990, -624.2970, -600.0910, -625.1320, -599.1610, -625.4030]"
-898.2555,600.0,592.8771,7.1229,"[-881.1550, -910.9530, -885.8170, -912.2490, -883.9710, -915.3880]"
-1178.1067,800.0,765.3187,34.6813,"[-1160.5700, -1187.9500, -1167.0000, -1192.4100, -1165.4900, -1195.2200]"
总计,0.0000,,,
SUMPRODUCT,-33004961.0000,,,
MAX(ABS(差值))/1000,68.0018,,0.068002,
a,-0.61619036,,,
b,39.38071066,,,
,,,,,,,,
,,,,,,,,
========== Fy 通道 ==========,,,,,,,,
重复性误差,,,,,,,,
循环类型,Fy设定值,上升沿平均值,上升沿标准差,上升沿数值列表,下降沿平均值,下降沿标准差,下降沿数值列表,|正行程平均值-反行程平均值|
正值循环,0.0,0.8698,1.0875,"[0.0000, 2.0890, 0.5205]",0.5279,1.5575,"[2.0890, 0.5205, -1.0258]",0.3419
正值循环,200.0,-252.4163,0.7686,"[-252.6180, -251.5670, -253.0640]",-272.2103,2.1595,"[-273.7670, -269.7450, -273.1190]",19.7940
正值循环,400.0,-509.3713,1.1182,"[-509.2740, -508.3050, -510.5350]",-535.4990,1.8238,"[-536.1320, -533.4430, -536.9220]",26.1277
正值循环,600.0,-765.2973,0.5694,"[-765.0540, -764.8900, -765.9480]",-793.6030,1.6832,"[-793.9280, -791.7810, -795.1000]",28.3057
正值循环,800.0,-1020.1800,1.7352,"[-1019.8400, -1018.6400, -1022.0600]",-1046.0967,1.5580,"[-1046.7400, -1044.3200, -1047.2300]",25.9167
正值循环,1000.0,-1274.0800,1.1325,"[-1274.2300, -1272.8800, -1275.1300]",-1274.0800,1.1325,"[-1274.2300, -1272.8800, -1275.1300]",0.0000
负值循环,-1000.0,1882.1800,2.3229,"[1879.6100, 1884.1300, 1882.8000]",1882.1800,2.3229,"[1879.6100, 1884.1300, 1882.8000]",0.0000
负值循环,-800.0,1502.5300,3.5223,"[1499.3400, 1501.9400, 1506.3100]",1477.3333,3.0259,"[1474.1700, 1477.6300, 1480.2000]",25.1967
负值循环,-600.0,1124.2367,1.2500,"[1124.6600, 1122.8300, 1125.2200]",1099.0567,14.6319,"[1091.1700, 1090.0600, 1115.9400]",25.1800
负值循环,-400.0,745.6137,2.0722,"[747.1680, 743.2610, 746.4120]",708.7450,0.6846,"[708.1900, 709.5100, 708.5350]",36.8687
负值循环,-200.0,371.1087,2.2977,"[373.6370, 369.1480, 370.5410]",346.0010,1.1312,"[345.3300, 345.3660, 347.3070]",25.1077
负值循环,0.0,4.6730,4.0695,"[0.0000, 6.5814, 7.4374]",8.5856,2.7634,"[6.5814, 7.4374, 11.7380]",3.9127
正循环标准偏差,1.4318,,,,,,,
负循环标准偏差,4.8608,,,,,,,
记录量,0.009722,,,,,,,
Last记录量,0.00001944,,,,,,,
第三记录量,0.036869,,,,,,,
,,,,,,,,
线性度数据,,,,,,,,
平均电压值,标准压力值,Y=ax+b,标准压力值-最小二乘法,数值列表
1882.1800,-1000.0,-1097.3445,97.3445,"[1879.6100, 1884.1300, 1882.8000]"
358.5548,-200.0,-140.2173,-59.7827,"[345.3300, 373.6370, 345.3660, 369.1480, 347.3070, 370.5410]"
727.1793,-400.0,-371.7838,-28.2162,"[708.1900, 747.1680, 709.5100, 743.2610, 708.5350, 746.4120]"
1111.6467,-600.0,-613.3026,13.3026,"[1091.1700, 1124.6600, 1090.0600, 1122.8300, 1115.9400, 1125.2200]"
1489.9317,-800.0,-850.9377,50.9377,"[1474.1700, 1499.3400, 1477.6300, 1501.9400, 1480.2000, 1506.3100]"
0.3959,0(正),84.7748,-84.7748,"[0.0000, 2.0890, 0.5205, -1.0258]"
6.4392,0(负),80.9785,-80.9785,"[0.0000, 6.5814, 7.4374, 11.7380]"
-1274.0800,1000.0,885.3888,114.6112,"[-1274.2300, -1272.8800, -1275.1300]"
-262.3133,200.0,249.8063,-49.8063,"[-252.6180, -273.7670, -251.5670, -269.7450, -253.0640, -273.1190]"
-522.4352,400.0,413.2125,-13.2125,"[-509.2740, -536.1320, -508.3050, -533.4430, -510.5350, -536.9220]"
-779.4502,600.0,574.6669,25.3331,"[-765.0540, -793.9280, -764.8900, -791.7810, -765.9480, -795.1000]"
-1033.1383,800.0,734.0315,65.9685,"[-1019.8400, -1046.7400, -1018.6400, -1044.3200, -1022.0600, -1047.2300]"
总计,0.0000,,,
SUMPRODUCT,-32131581.2000,,,
MAX(ABS(差值))/1000,114.6112,,0.114611,
a,-0.62819074,,,
b,85.02352417,,,
,,,,,,,,
,,,,,,,,
========== Fz 通道 ==========,,,,,,,,
重复性误差,,,,,,,,
循环类型,Fz设定值,上升沿平均值,上升沿标准差,上升沿数值列表,下降沿平均值,下降沿标准差,下降沿数值列表,|正行程平均值-反行程平均值|
正值循环,0.0,0.1615,0.1581,"[0.0000, 0.1684, 0.3160]",0.3017,0.1268,"[0.1684, 0.3160, 0.4208]",0.1403
正值循环,300.0,-311.8263,0.3413,"[-312.2180, -311.6680, -311.5930]",-311.7480,0.1421,"[-311.8970, -311.7330, -311.6140]",0.0783
正值循环,600.0,-623.9127,0.1350,"[-624.0590, -623.8860, -623.7930]",-623.7493,0.1090,"[-623.8590, -623.7480, -623.6410]",0.1633
正值循环,900.0,-935.7460,0.1558,"[-935.9070, -935.7350, -935.5960]",-935.6010,0.0473,"[-935.6550, -935.5810, -935.5670]",0.1450
正值循环,1200.0,-1247.1067,0.0874,"[-1247.1800, -1247.1300, -1247.0100]",-1247.1667,0.1002,"[-1247.2800, -1247.1300, -1247.0900]",0.0600
正值循环,1500.0,-1557.8900,0.1929,"[-1558.1100, -1557.8100, -1557.7500]",-1557.8900,0.1929,"[-1558.1100, -1557.8100, -1557.7500]",0.0000
正循环标准偏差,0.1649,,,,,,,
负循环标准偏差,0.0000,,,,,,,
记录量,0.000220,,,,,,,
Last记录量,0.00000029,,,,,,,
第三记录量,0.000109,,,,,,,
,,,,,,,,
线性度数据,,,,,,,,
平均电压值,标准压力值,Y=ax+b,标准压力值-最小二乘法,数值列表
0.2263,0(正),-0.3721,0.3721,"[0.0000, 0.1684, 0.3160, 0.4208]"
-1247.1367,1200.0,1200.1254,-0.1254,"[-1247.1800, -1247.2800, -1247.1300, -1247.1300, -1247.0100, -1247.0900]"
-1557.8900,1500.0,1499.2032,0.7968,"[-1558.1100, -1557.8100, -1557.7500]"
-311.7872,300.0,299.9185,0.0815,"[-312.2180, -311.8970, -311.6680, -311.7330, -311.5930, -311.6140]"
-623.8310,600.0,600.2383,-0.2383,"[-624.0590, -623.8590, -623.8860, -623.7480, -623.7930, -623.6410]"
-935.6735,900.0,900.3644,-0.3644,"[-935.9070, -935.6550, -935.7350, -935.5810, -935.5960, -935.5670]"
总计,22500.0000,,,
SUMPRODUCT,-23849534.4000,,,
MAX(ABS(差值))/1500,0.7968,,0.000531,
a,-0.96242836,,,
b,-0.15434397,,,
,,,,,,,,
,,,,,,,,
========== Mx 通道 ==========,,,,,,,,
重复性误差,,,,,,,,
循环类型,Mx设定值,上升沿平均值,上升沿标准差,上升沿数值列表,下降沿平均值,下降沿标准差,下降沿数值列表,|正行程平均值-反行程平均值|
正值循环,0.0,6.7327,5.9529,"[0.0000, 8.8994, 11.2988]",10.6357,1.5176,"[8.8994, 11.2988, 11.7090]",3.9030
正值循环,4.9,378.1670,4.1195,"[374.1230, 378.0200, 382.3580]",463.3257,3.2051,"[459.6330, 464.9580, 465.3860]",85.1587
正值循环,9.8,772.2910,8.2746,"[763.1390, 774.4900, 779.2440]",852.6257,3.6696,"[848.5410, 855.6440, 853.6920]",80.3347
正值循环,14.7,1175.2367,6.2515,"[1168.7400, 1175.7600, 1181.2100]",1237.9933,4.2041,"[1233.4200, 1241.6900, 1238.8700]",62.7567
正值循环,19.6,1571.9600,7.6272,"[1563.2400, 1575.2500, 1577.3900]",1615.0800,6.2623,"[1607.9300, 1617.7200, 1619.5900]",43.1200
正值循环,24.5,1965.5067,9.4943,"[1954.5600, 1970.4600, 1971.5000]",1965.5067,9.4943,"[1954.5600, 1970.4600, 1971.5000]",0.0000
负值循环,-24.5,-2051.9600,5.4795,"[-2045.9900, -2053.1300, -2056.7600]",-2051.9600,5.4795,"[-2045.9900, -2053.1300, -2056.7600]",0.0000
负值循环,-19.6,-1717.2133,7.1286,"[-1709.2000, -1719.5900, -1722.8500]",-1651.3233,9.1057,"[-1642.4100, -1650.9500, -1660.6100]",65.8900
负值循环,-14.7,-1349.6433,4.2355,"[-1345.3700, -1349.7200, -1353.8400]",-1237.8667,8.6351,"[-1229.2600, -1237.8100, -1246.5300]",111.7767
负值循环,-9.8,-978.0383,4.6989,"[-972.8890, -979.1320, -982.0940]",-818.0663,6.9383,"[-810.3590, -820.0260, -823.8140]",159.9720
负值循环,-4.9,-541.4363,2.7144,"[-544.5620, -539.6720, -540.0750]",-403.7783,6.5455,"[-396.5760, -405.3950, -409.3640]",137.6580
负值循环,0.0,-8.5034,7.3663,"[0.0000, -12.5767, -12.9334]",-13.1883,0.7713,"[-12.5767, -12.9334, -14.0548]",4.6849
正循环标准偏差,6.3334,,,,,,,
负循环标准偏差,6.2020,,,,,,,
记录量,0.517015,,,,,,,
Last记录量,0.04220528,,,,,,,
第三记录量,6.529469,,,,,,,
,,,,,,,,
线性度数据,,,,,,,,
平均电压值,标准压力值,Y=ax+b,标准压力值-最小二乘法,数值列表
-1293.7550,-14.7,-14.9624,0.2624,"[-1229.2600, -1345.3700, -1237.8100, -1349.7200, -1246.5300, -1353.8400]"
-1684.2683,-19.6,-19.6036,0.0036,"[-1642.4100, -1709.2000, -1650.9500, -1719.5900, -1660.6100, -1722.8500]"
-2051.9600,-24.5,-23.9737,-0.5263,"[-2045.9900, -2053.1300, -2056.7600]"
-472.6073,-4.9,-5.2031,0.3031,"[-396.5760, -544.5620, -405.3950, -539.6720, -409.3640, -540.0750]"
-898.0523,-9.8,-10.2595,0.4595,"[-810.3590, -972.8890, -820.0260, -979.1320, -823.8140, -982.0940]"
7.9768,0(正),0.5087,-0.5087,"[0.0000, 8.8994, 11.2988, 11.7090]"
-9.8912,0(负),0.2963,-0.2963,"[0.0000, -12.5767, -12.9334, -14.0548]"
1206.6150,14.7,14.7545,-0.0545,"[1168.7400, 1233.4200, 1175.7600, 1241.6900, 1181.2100, 1238.8700]"
1593.5200,19.6,19.3529,0.2471,"[1563.2400, 1607.9300, 1575.2500, 1617.7200, 1577.3900, 1619.5900]"
1965.5067,24.5,23.7739,0.7261,"[1954.5600, 1970.4600, 1971.5000]"
420.7463,4.9,5.4145,-0.5145,"[374.1230, 459.6330, 378.0200, 464.9580, 382.3580, 465.3860]"
812.4583,9.8,10.0699,-0.2699,"[763.1390, 848.5410, 774.4900, 855.6440, 779.2440, 853.6920]"
总计,-0.0000,,,
SUMPRODUCT,1028126.9670,,,
MAX(ABS(差值))/25,0.7261,,0.029636,
a,0.01188500,,,
b,0.41388118,,,
,,,,,,,,
,,,,,,,,
========== My 通道 ==========,,,,,,,,
重复性误差,,,,,,,,
循环类型,My设定值,上升沿平均值,上升沿标准差,上升沿数值列表,下降沿平均值,下降沿标准差,下降沿数值列表,|正行程平均值-反行程平均值|
正值循环,0.0,5.4970,4.8899,"[0.0000, 7.1277, 9.3631]",7.4329,1.7972,"[7.1277, 9.3631, 5.8078]",1.9359
正值循环,4.9,405.5947,6.5869,"[398.1340, 408.0440, 410.6060]",462.2700,6.2764,"[455.5620, 463.2480, 468.0000]",56.6753
正值循环,9.8,808.8103,7.8021,"[800.4430, 810.1020, 815.8860]",871.2470,6.2883,"[864.1350, 873.5350, 876.0710]",62.4367
正值循环,14.7,1203.9700,6.8479,"[1196.1400, 1206.9300, 1208.8400]",1260.9767,6.5524,"[1253.8000, 1262.4900, 1266.6400]",57.0067
正值循环,19.6,1585.7767,6.7937,"[1578.1800, 1587.8800, 1591.2700]",1627.8300,6.5221,"[1620.4500, 1630.2200, 1632.8200]",42.0533
正值循环,24.5,1957.0267,6.0330,"[1950.5400, 1958.0700, 1962.4700]",1957.0267,6.0330,"[1950.5400, 1958.0700, 1962.4700]",0.0000
负值循环,-24.5,-1998.7133,6.8074,"[-2006.1500, -1997.2000, -1992.7900]",-1998.7133,6.8074,"[-2006.1500, -1997.2000, -1992.7900]",0.0000
负值循环,-19.6,-1633.4000,11.4852,"[-1620.1600, -1640.6800, -1639.3600]",-1597.3433,5.0184,"[-1602.9700, -1595.7300, -1593.3300]",36.0567
负值循环,-14.7,-1254.8333,5.8686,"[-1248.0600, -1258.4000, -1258.0400]",-1194.8500,4.4300,"[-1199.9100, -1192.9700, -1191.6700]",59.9833
负值循环,-9.8,-864.7713,3.2119,"[-861.1000, -866.1520, -867.0620]",-792.6510,3.5517,"[-796.1290, -792.7940, -789.0300]",72.1203
负值循环,-4.9,-467.2740,7.0764,"[-459.8470, -473.9380, -468.0370]",-390.8697,1.8437,"[-388.8550, -391.2810, -392.4730]",76.4043
负值循环,0.0,-11.7983,10.3375,"[0.0000, -16.1280, -19.2669]",-18.5837,2.1953,"[-16.1280, -19.2669, -20.3561]",6.7854
正循环标准偏差,6.2025,,,,,,,
负循环标准偏差,6.4027,,,,,,,
记录量,0.522665,,,,,,,
Last记录量,0.04266656,,,,,,,
第三记录量,3.118544,,,,,,,
,,,,,,,,
线性度数据,,,,,,,,
平均电压值,标准压力值,Y=ax+b,标准压力值-最小二乘法,数值列表
-1224.8417,-14.7,-14.8239,0.1239,"[-1199.9100, -1248.0600, -1192.9700, -1258.4000, -1191.6700, -1258.0400]"
-1615.3717,-19.6,-19.5545,-0.0455,"[-1602.9700, -1620.1600, -1595.7300, -1640.6800, -1593.3300, -1639.3600]"
-1998.7133,-24.5,-24.1981,-0.3019,"[-2006.1500, -1997.2000, -1992.7900]"
-429.0718,-4.9,-5.1844,0.2844,"[-388.8550, -459.8470, -391.2810, -473.9380, -392.4730, -468.0370]"
-828.7112,-9.8,-10.0254,0.2254,"[-796.1290, -861.1000, -792.7940, -866.1520, -789.0300, -867.0620]"
5.5747,0(正),0.0806,-0.0806,"[0.0000, 7.1277, 9.3631, 5.8078]"
-13.9378,0(负),-0.1557,0.1557,"[0.0000, -16.1280, -19.2669, -20.3561]"
1232.4733,14.7,14.9425,-0.2425,"[1196.1400, 1253.8000, 1206.9300, 1262.4900, 1208.8400, 1266.6400]"
1606.8033,19.6,19.4770,0.1230,"[1578.1800, 1620.4500, 1587.8800, 1630.2200, 1591.2700, 1632.8200]"
1957.0267,24.5,23.7194,0.7806,"[1950.5400, 1958.0700, 1962.4700]"
433.9323,4.9,5.2695,-0.3695,"[398.1340, 455.5620, 408.0440, 463.2480, 410.6060, 468.0000]"
840.0287,9.8,10.1887,-0.3887,"[800.4430, 864.1350, 810.1020, 873.5350, 815.8860, 876.0710]"
总计,-0.0000,,,
SUMPRODUCT,1009904.0777,,,
MAX(ABS(差值))/25,0.7806,,0.031863,
a,0.01211340,,,
b,0.01310287,,,
,,,,,,,,
,,,,,,,,
========== Mz 通道 ==========,,,,,,,,
重复性误差,,,,,,,,
循环类型,Mz设定值,上升沿平均值,上升沿标准差,上升沿数值列表,下降沿平均值,下降沿标准差,下降沿数值列表,|正行程平均值-反行程平均值|
正值循环,0.0,-3.2782,3.0583,"[0.0000, -3.7803, -6.0544]",-5.8197,1.9328,"[-3.7803, -6.0544, -7.6243]",2.5414
正值循环,9.8,-345.4417,2.6099,"[-342.9240, -345.2660, -348.1350]",-333.8577,3.9726,"[-329.4220, -335.0630, -337.0880]",11.5840
正值循环,19.6,-687.5237,2.4760,"[-684.8110, -688.0980, -689.6620]",-663.6817,3.6771,"[-659.7880, -664.1620, -667.0950]",23.8420
正值循环,29.4,-1013.3267,3.3969,"[-1009.6400, -1014.0100, -1016.3300]",-998.2343,3.8751,"[-994.0560, -998.9370, -1001.7100]",15.0923
正值循环,39.2,-1339.7000,3.2353,"[-1336.1100, -1340.6000, -1342.3900]",-1334.4400,4.0198,"[-1330.0700, -1335.2700, -1337.9800]",5.2600
正值循环,49.0,-1670.0333,4.2269,"[-1665.4200, -1670.9600, -1673.7200]",-1670.0333,4.2269,"[-1665.4200, -1670.9600, -1673.7200]",0.0000
负值循环,-49.0,1696.0767,2.0431,"[1697.4600, 1697.0400, 1693.7300]",1696.0767,2.0431,"[1697.4600, 1697.0400, 1693.7300]",0.0000
负值循环,-39.2,1355.7200,2.2319,"[1357.7500, 1356.0800, 1353.3300]",1355.9400,1.7092,"[1357.1200, 1356.7200, 1353.9800]",0.2200
负值循环,-29.4,1011.3033,1.9378,"[1013.1000, 1011.5600, 1009.2500]",1016.8700,1.9480,"[1018.9800, 1016.4900, 1015.1400]",5.5667
负值循环,-19.6,667.2503,2.0877,"[669.1990, 667.5050, 665.0470]",678.7277,2.8861,"[681.4350, 679.0570, 675.6910]",11.4773
负值循环,-9.8,325.6753,1.7776,"[327.1800, 326.1320, 323.7140]",335.0227,2.9319,"[337.8520, 335.2180, 331.9980]",9.3473
负值循环,0.0,-3.4060,3.3659,"[0.0000, -3.4877, -6.7304]",-6.4942,2.8957,"[-3.4877, -6.7304, -9.2647]",3.0882
正循环标准偏差,3.4671,,,,,,,
负循环标准偏差,2.3798,,,,,,,
记录量,0.141513,,,,,,,
Last记录量,0.00577606,,,,,,,
第三记录量,0.486571,,,,,,,
,,,,,,,,
线性度数据,,,,,,,,
平均电压值,标准压力值,Y=ax+b,标准压力值-最小二乘法,数值列表
672.9890,-19.6,-19.5284,-0.0716,"[681.4350, 669.1990, 679.0570, 667.5050, 675.6910, 665.0470]"
1014.0867,-29.4,-29.4576,0.0576,"[1018.9800, 1013.1000, 1016.4900, 1011.5600, 1015.1400, 1009.2500]"
1355.8300,-39.2,-39.4057,0.2057,"[1357.1200, 1357.7500, 1356.7200, 1356.0800, 1353.9800, 1353.3300]"
1696.0767,-49.0,-49.3101,0.3101,"[1697.4600, 1697.0400, 1693.7300]"
330.3490,-9.8,-9.5543,-0.2457,"[337.8520, 327.1800, 335.2180, 326.1320, 331.9980, 323.7140]"
-4.3648,0(正),0.1891,-0.1891,"[0.0000, -3.7803, -6.0544, -7.6243]"
-4.8707,0(负),0.2038,-0.2038,"[0.0000, -3.4877, -6.7304, -9.2647]"
-675.6027,19.6,19.7285,-0.1285,"[-684.8110, -659.7880, -688.0980, -664.1620, -689.6620, -667.0950]"
-1005.7805,29.4,29.3399,0.0601,"[-1009.6400, -994.0560, -1014.0100, -998.9370, -1016.3300, -1001.7100]"
-1337.0700,39.2,38.9836,0.2164,"[-1336.1100, -1330.0700, -1340.6000, -1335.2700, -1342.3900, -1337.9800]"
-1670.0333,49.0,48.6760,0.3240,"[-1665.4200, -1670.9600, -1673.7200]"
-339.6497,9.8,9.9491,-0.1491,"[-342.9240, -329.4220, -345.2660, -335.0630, -348.1350, -337.0880]"
总计,-0.0000,,,
SUMPRODUCT,-1682483.1198,,,
MAX(ABS(差值))/49,0.3240,,0.006612,
a,-0.02910960,,,
b,0.06202190,,,
,,,,,,,,
,,,,,,,,
,,,,,,,,
,,,,,,,,
========== 各通道关键指标汇总 ==========,,,,,,,,
通道,重复性R (%),迟滞性 (%),线性度 (%),,,,,
Fx,0.4821,2.9216,6.8002,,,,,
Fy,0.9722,3.6869,11.4611,,,,,
Fz,0.0220,0.0109,0.0531,,,,,
Mx,51.7015,652.9469,2.9636,,,,,
My,52.2665,311.8544,3.1863,,,,,
Mz,14.1513,48.6571,0.6612,,,,,
